fr,es,en,it,pt,de,zh,taxon
abricot,albaricoque&orejón,apricot,albicocca,alperce&damasco,aprikose,杏,1
ananas,piña,pineapple,ananas,ananás&abacaxi,ananas,菠蘿,1
avocat,aguacate,avocado,avocado,abacate,avocado,牛油果,1
baie de goji,baya de goji,goji berry,bacca di goji,bagas de goji,goji beere,枸杞,1
baies,bayas,berries,frutta di bosco,bagas,beeren,漿果,1
banane&plantain,plátano,banana&plantain,banana,banana,banane&wegerich,香蕉,1
bergamote,bergamota,bergamot,bergamotto,bergamota,bergamotte,佛手柑,1
canneberge,arándano rojo,cranberry,mirtillo rosso,oxicoco,cranberry,酸果蔓,1
carambole,carambola,carambola&star fruit,carambole,carambola,sternfrucht,楊桃,1
cassis,grosella negra,blackcurrant,ribes nero,groselha preta,schwarze johannisbeere,黑加侖子,1
cerise de terre&physalis,cereza de la tierra,groundcherry,physalis,cereja moída&fisális,gemahlene kirsche&physalis,地面櫻桃,1
cerise&bigarreau,cereza&morello,cherry&morello,ciliegia&amarena,cereja,kirsche&sauerkirsche,櫻桃,1
chayote,chayote,chayote,chayote,chuchu,chayote,佛手瓜,1
cherimoya&anone,chirimoya,cherimoya&anona,cherimoya,cherimolia,cherimoya,毛葉番荔枝,1
chili,chilli&ají&chile rojo,chili,chili,chili,chili,辣椒,1
citron,limón,lemon,limone,limão,zitrone,檸檬,1
clémentine,clementina,clementine,clementina,clementina,clementine,柑桔,1
coing,membrillo,quince,mela cotogna,marmelo,quitte,桲,1
cèdre,cedro,cedar,cedro,cedro,zeder,雪松,1
datte,dátil,date,datte&dattero,data,dattel,日期,1
figue,higo,fig,fico&fichi,figo,feige,圖,1
figue de barbarie,higo chumbo,prickly pear&sabra,fico d india&fichi d india,pera-espinhosa,feigenkaktus,花椒梨,1
fraise,fresa,strawberry,fragola,morango,erdbeere,草莓,1
fraise des bois,fresa salvaje,wild strawberry,fragola selvatica,morango silvestre,walderdbeere,野生草莓,1
framboise,frambuesa,raspberry,lampone,framboesa,himbeere,紅莓,1
fruit de la passion&maracuyá&grenadille,fruta de la pasión&maracuya,passion fruit&granadilla,frutto della passione,maracujá,passionsfrucht&maracuja,百香果,1
goyave,guayaba,guava,guava,goiaba,guave,番石榴,1
grenade,granada,pomegranate,melagrana,romã,granatapfel,石榴酸酯,1
groseille,grosella,currant,ribes,groselha,johannisbeere&stachelbeere,黑醋栗,1
kaki,caqui&persimon,persimmon,cachi&kaki,dióspiros&caqui,persimone,柿子,1
kiwi,kiwi,kiwi,kiwi,quivi,kiwi,獼猴桃,1
litchi,lychee,lychee,litchi,lichia,litschi,荔枝,1
mandarine,mandarina,tangerine&mandarin,mandarino,tangerina,mandarine,柑橘,1
mangue,mango,mango,mango,manga,mango,芒果,1
melon,melón,melon,melone,melão&meloa,melone,瓜,1
mirabelle&quetsche,mirabel,mirabel,mirabella,ameixa mirabel,mirabelle,米拉貝爾,1
myrtille&bleuet,arándano,blueberry,mirtillo,mirtilo,blaubeere&heidelbeere,藍莓,1
mûre,zarzamora&moras,blackberry,mora,amora,brombeere&maulbeere,黑莓,1
nectarine,nectarina,nectarine,nettarina,nectarina,nektarine,油桃,1
nèfle,níspero,loquat,nespolo,nêspera,nefle,qua,1
olive&olive noire&olive verte,aceituna&aceituna negra&aceituna verde,olive&black olive&green olive,oliva&oliva nera&oliva verde,azeitona&azeitona preta&azeitona verde,olive&schwarze olive&grüne olive,橄欖,1
orange&fleur d'oranger&agrume,naranja&flor de naranjo&agrios,orange&orange blossom&citrus fruit,arancia&arance&agrumi,laranja&flor de laranjeira&citros,orangen &orangenblute&zitrus,橙子,1
pamplemousse&pomelo,pomelo,grapefruit&pomelo&pomelit&oroblanco,pompelmo,toranja&pomelo,grapefruit&pampelmuse,柚子,1
papaye,papaya,papaya,papaia,mamão,papaya,木瓜,1
pastèque,sandia,watermelon,anguria&cocomero,melancia,wassermelone,西瓜,1
pignons de pin,piñón de pino&piñones,pine nut,pinoli,pinhões,pinienkerne,松子,1
piment d'espelette,pimiento de espelette,espelette pepper,pepe espelette,pimenta espeleta,espelette pfeffer,翡翠胡椒,1
piment de cayenne,pimienta de cayena,piment de cayenne,pepe di cayenna,pimenta-de-caiena,cayennepfeffer,卡宴顏料,1
piment&piment vert,guindilla&chile verde,green chile,peperoncino&peperoncino verde,chile verde,grüner chili,綠色智利,1
pitaya&fruit du dragon,pitaya,pitaya,pitaya,pitaya&fruta do dragão,pitaya&drachenfrucht,火龍果,1
poire,pera,pear,pera&pere,pera,birne,梨,1
poire asiatique,pera asiática,asian pear,pera asiatica,pera asiática,asiatische birne,沙梨，蘋果梨,1
pomelo chinois,pomelo chino,chinese pomelo,pomelo cinese,pomelo chines,chinesische pampelmuse,中國柚,1
pomme,manzana,apple,mela&mele,maca,apfel,蘋果,1
prune&pruneau,ciruela,plum&prune,prugna&susine&prune,ameixa,pflaume&zwetschge,李子,1
prunelle,endrino,sloe,prunelle,abrunho,schlehe,黑刺,1
pêche&brugnon,melocotón,peach,pesca&pesche,pêssego&pepita,pfirsich&nugget,桃子,1
raisin,uvas,grape,uva,uva,traube&weintraube,葡萄,1
raisin sec,uva pasa&uva seca,raisin&dried grapes,uva passa,uva passas,rosine,葡萄乾,1
reine claude,reina claude,greengage,regina claude,rainha claude,königin claude,青皮,1
rhubarbe,ruibarbo,rhubarb,rabarbaro,ruibarbo,rhabarber,大黃,1
sapotille&corossol,sapodilla,zapote&soursop,sapodilla,sapoti&graviola,sapodilla&soursop,扎波特,1
sureau, baya del saúco, elderberry, sambuco, sabugueiro,holunder&holunderblüte&holunderbeere, 接骨木,1
tamarin,tamarindo,tamarind,tamarindo,tamarindo,tamarinde,羅望子,1
tomate,tomate,tomato,pomodoro,tomate,tomate,番茄,1
tomate cerise,tomate cherry,cherry tomato,pomodoro ciliegia,tomate-cereja,kirschtomate,聖女果,1
umeboshi,umeboshi,salted plums,umeboshi,umeboshi,umeboshi,咸李子,1
yuzu,yuzu,yuzu,yuzu,yuzu,yuzu,柚子,1
églantier, escaramujo, rose hip, rosa canina,rosa-mosqueta,hagebutte, 玫瑰果,1
ail nouveau,ajo nuevo,new garlic,aglio nuovo,alho novo,neuer knoblauch,新大蒜,2
ail&ail blanc&ail rose,ajo&ajete,garlic,aglio,alho&alho branco&alho rosa,knoblauch&weißer knoblauch&rosa knoblauch&bärlauch,大蒜,2
arrowroot,arrurruz,arrowroot,arrowroot,araruta,pfeilwurzel,葛根,2
artichaut,alcachofa,artichoke,carciofo,alcachofra,artischocke,朝鮮薊,2
asperge,espárragos,asparagus,asparagi,espargo,spargel,蘆筍,2
asperge blanche,espárragos blancos,white asparagus,asparagi bianchi,espargo branco,weißer spargel,白蘆筍,2
asperge violette,espárragos morados,purple asparagus,asparagi viola,espargo roxo,purpur spargel,紫色蘆筍,2
aubergine,berenjena,eggplant,melanzane,beringela,aubergine,茄子,2
bardane,bardana,burdock,bardana,bardana,klette,牛d,2
betterave,remolacha,beet,barbabietola,beterraba,zuckerrüben&rote bete,甜菜,2
blette,acelga,chard&mangold,bietole&biete,acelga,mangold,甜菜,2
brocoli,brócoli,broccoli,broccoli,brocolis,brokkoli,西蘭花,2
brocoli romanesco,brócoli romanesco,romanesco broccoli,broccoli romanesco,brocolis romanesco,romanesco&romanesco brokkoli,羅馬花椰菜,2
cardon,cardo,cardoon,cardo,cardo,kardon,卡頓,2
carotte,zanahoria,carrot,carota,cenoura,möhre&mohre&karotte,蘿蔔,2
chicorée frisee,achicoria rizada,curly chicory,cicoria riccia,chicória frita,gebratener chicorée,捲曲菊苣,2
chou blanc,coliflor blanca,white cabbage,cavolo bianco,couve branca,weißkohl,白菜,2
chou chinois,repollo chino,chinese cabbage,cavolo cinese,couve chinesa,chinakohl,白菜,2
chou de bruxelles,col de bruselas,brussels sprout,cavoletti di bruxelles,couve de bruxelas,rosenkohl,小洋白菜,2
chou frise&kale,col rizada&kale,kale,kale&verza,kale,kale,羽衣甘藍,2
chou picuda,col picuda,col picuda,cavolo picuda,repolho picuda,picuda kohl,皮庫達山,2
chou rave,colinabo&colirrábano,kohlrabi,cavolo rapa&cime di rapa,grelos&couve rabano,kohlrabi,苤,2
chou rouge,col roja&col lombarda,red cabbage,cavolo rosso,couve roxa,rotkohl,紅捲心菜,2
chou&chou vert,col&repollo&berza&repollo verde,cabbage&green cabbage,cavolo&cavolo verde,couve&repolho verde,kohl&grunkohl&grünkohl&spitzkohl&wirsing,捲心菜,2
chou-fleur,coliflor,cauliflower,cavolfiore,couve-flor,blumenkohl,菜花,2
ciboulette pourpre,cebolleta morada,purple chive,erba cipollina viola,cebolinha roxa,lila schnittlauch,紫細香蔥,2
ciboulette verte,cebolleta verde,green chive,erba cipollina verde,cebolinha verde,grüner schnittlauch,細香蔥,2
citron vert,lima&lima dulce,lime,lime,lima,limette,酸橙,2
citrouille&potimarron,calabaza,pumpkin,zucca&zucche,abobora,kürbis&hokkaido,南瓜,2
concombre,pepino,cucumber,cetriolo,pepino,gurke&salatgurke,黃瓜,2
courge butternut,calabaza moscada,butternut squash,butternut,abóbora butternut,butternut-kürbis&butternusskürbis,胡桃南瓜,2
courge&potiron,delicadeza de calabaza&calabaza espagueti,squash,squisitezza,squash,squash&spaghettikürbis,壁球,2
courgette,calabacín,zucchini&courgette,zucchine,curgete&abobrinha,zucchini,夏南瓜,2
cresson,berro,cress,crescione,agrião,kresse&brunnenkresse,水芹,2
crosne,crosne,crosne&chinese artichoke,crosne,crosne,crosne,克羅斯涅,2
céleri,apio,celery,sedano,aipo,sellerie&staudensellerie,芹菜,2
céleri rave,apionabo,celeriac,radice di sedano,aipo rabano,knollensellerie,芹菜,2
cœur de palmier,corazón de palmera,palm heart,cuore di palma,palmito,palmenherz,棕櫚心,2
daikon,daikon,daikon,daikon,daikon,daikon,代空,2
edamame,edamame,edamame,edamame,edamame,edamame,毛豆,2
endive,endibia,endive,indivia,endivia,endivie&endiviensalat,菊苣,2
endive rouge,endibia roja,red endive,indivia rossa,endivia vermelha,roter endivie,紅色菊苣,2
fenouil,hinojo,fennel,finocchio,erva-doce,fenchel,茴香,2
fleur d'ail,flor de ajo,garlic flower,fiore all aglio,flor de alho,knoblauchblute,大蒜花,2
gombo,okra,okra,gombo,quiabo,okra,秋葵,2
houblon,lupula,hop,luppolo,lúpulo,hopfen,跳,2
igname,yam,name,igname,inhame,yam,名稱,2
kabocha,kabocha,kabocha,kabocha,kabocha,kabocha,卡波查,2
kumquat,kumquat,kumquat&chinese orange,kumquat,kumquat,kumquat,金橘,2
laitue&sucrine,lechuga,lettuce,lattuga,alface,salat&römersalat&kopfsalat&eisbergsalat&feldsalat&bataviasalat&lollo rosso&eichblattsalat,生菜,2
manioc,mandioca,cassava,manioca,mandioca,maniok,木薯,2
mesclun,mezclum,mesclun,mesclun,mesclun,mesclun,梅斯克倫,2
mâche,colleja,mache,lattughe,mache,mache,馬赫,2
navet,nabo,turnip,rapa&rape,nabiças&nabo,rübe&mairübe&steckrübe,蕪菁,2
oignon blanc,cebolleta blanca,welsh onions,cipolla bianca,cebola-branca,weiße zwiebel,大蔥,2
oignon nouveau&cébette,cebolleta,scallion&welsh onion,nuova cipolla,cebola nova&cebette,neue zwiebel&cebette&frühlingszwiebel,蔥,2
oignon rouge,cebolla roja,red onion,cipolla rossa,cebola vermelha,rote zwiebel,紅蔥頭,2
oignon&oignon jaune,cebolla,onion,cipolla,cebola&cebola amarela,zwiebel&gelbe zwiebel,洋蔥,2
pak choi,pak choi,pak choi,pak choi,pak choi,pak choi,白菜,2
panais,chirivía,parsnip,pastinaca,pastinaca,pastinake&petersilienwurzel,防風草,2
patate douce&kumara,boniato&patata dulce&kumara,sweet potato&kumara&batata,patata dolce&kumara,batata-doce&kumara,süßkartoffel&susskartoffel&kumara,甘藷,2
piment antillais,pimienta caribeña,caribbean pepper,pepe caraibico,pimenta das índias ocidentais,westindischer pfeffer,加勒比胡椒,2
poireau,puerro,leek,porro,alho poro,porree&lauch,韭蔥,2
poivron&poivron jaune&poivron rouge&poivron vert,pimiento&pimiento amarillo&pimiento rojo&pimiento verde,bell pepper&yellow bell pepper&red bell pepper&green bell pepper&sweet pepper,peperone&peperone giallo&peperone rosso&peperone verde,pimentão&pimentão amarelo&pimentão vermelho&pimentão verde,paprikaschote&gelber paprika&roter paprika&grüner paprika,燈籠椒,2
pomme de terre,papa&patata,potato,patata,batata,kartoffel,土豆,2
pomme de terre rouge,patata roja,red potato,patata rossa,batata vermelha,rote kartoffel,紅薯,2
pâtisson,pattypan,pattypan,patisson,patisson,patisson,帕蒂潘,2
radicchio,radicchio,radicchio,radicchio,radicchio,radicchio,拉迪基奧,2
radis,rábano&rabanito,radish,ravanello&rapanelli,rabanete,rettich&radieschen,蘿蔔,2
radis noir,rábano negro,black radish,ravanello nero,rabanete preto,schwarzer rettich,黑蘿蔔,2
raifort,rábano picante,horseradish,rafano,rabano,meerrettich,辣根,2
roquette,rúcula,rocket,rucola&razzo,rúcula,rucola,火箭,2
rutabaga,nabo sueco,rutabaga,rutabaga,rutabaga,rutabaga,大頭菜,2
salade verte&salade&feuilles vertes,ensalada verde&hojas verdes,green salad&green leaves,insalata verde&foglie verdi,salada verde&folhas verdes,grüner salat&grüne blatter,綠色的沙拉,2
salicorne,hinojo marino,samphire,salicorne,salicornia,salicornia,香波,2
salsifis,salsifí,salsifi,salsify,salsify,schwarzwurzel,薩爾西菲,2
scarole,escarola,escarole,scarola,escarola,escarole,scar蟲,2
taro&cocoyam,taro,taro&cocoyam,taro,taro&cocoyam,taro&cocoyam,芋頭,2
topinambour,topinambur,jerusalem artichoke,topinambur,alcachofra de jerusalem,topinambur,菊芋,2
tête de violon,cabeza de violín,fiddlehead,testa di violino,cabeça de violino,geigenkopf,iddle頭,2
yakon,yacón,yakon,yakon,yakon,yakon,雅康,2
échalote,chalote,shallots,scalogno,chalota,schalotte,青蔥,2
échalote rouge,cebolleta roja,red scallions,scalogno rosso,chalota vermelha,rote schalotte,紅蔥,2
épinard,espinaca,spinach,spinaci,espinafre,spinat,菠菜,2
fenugrec,fenogreco,fenugreek,fieno greco,feno-grego,bockshornklee,胡蘆巴,3
flageolet,octavín,flageolet,flageolet,flageolet,flageolett,鞭毛蟲,3
fève tonka&coumarou,tonka haba,tonka bean,fava tonka,feve tonka&coumarou,feve tonka&cumarou,零陵香豆,3
haricot azuki,azuki,azuki beans,fagiolo azuki,feijão azuki,azukibohne,小豆,3
haricot blanc&mogette,armada de frijoles&judías blancas&judiones,navy bean,fagiolo bianco,feijão branco,weiße bohne,海軍豆,3
haricot de bambara,haba de bambara,bambara bean,fagiolo bambara,feijão de bambara,bambarabohne,班巴拉豆,3
haricot de lima,alubias blancas,lima bean,fagiolo di lima,feijão de lima,limabohne,利馬豆,3
haricot mungo,frijol mungo,mung bean,fagioli verde,feijão mungo,mungobohne,綠豆,3
haricot noir,haba de tortuga negra&alubias pintas&judías pintas&frijoles,black turtle bean,fagioli neri,feijão preto,schwarze bohne,黑豆,3
haricot pinto,frijol pintó,pinto bean,fagioli borlotti,feijão pinto,pintobohne,斑豆,3
haricot plat&haricot coco,plato de frijoles,bean dish,fagioli piatti,feijão chato&feijão de coco,flache bohne&kokosnussbohne,豆碟,3
haricot rouge,poroto,kidney bean,fagioli rossi,feijão vermelho,rote bohne,菜豆,3
haricot vert,judía verde&habichuelas,green bean&runner bean,fagioli verdi&fagiolini,feijão verde,grüne bohne&bohnen grüne,綠豆,3
haricot&fève&févettes,haba,fava bean&broad bean,fagiolo&fave,feijão&fava&feve&fevettes,bohne&bohnen dicke&feve&fevette,蠶豆,3
lentille corail,lentes de coral,coral lentils,lenti di corallo,lentilha de coral,korallenlinse,珊瑚扁豆,3
lentille pardina,lentejas pardinas,pardina lentils,lenti pardina,lentilha pardina,pardina linse,帕爾迪納小扁豆,3
lentille&lentille verte,lente,lens,lenticchie,lente&lentilha verde&lentilhas,grüne linse&linsen,鏡片,3
lentilles blondes,lentes rubias,blonde lenses,lenti bionde,lentes loiras,blonde linsen,金發鏡片,3
luzerne,alfalfa,alfalfa,erba medica,alfafa,luzerne,苜蓿,3
petit pois,guisante,pea,pisello,ervilha,erbse&kaiserschote,豌豆,3
pois casse,de guisante,split pea,pisello spezzato,ervilhas quebradas,erbse gespalten,豌豆,3
pois chiche,garbanzo,chick pea,ceci,grão de bico,kichererbsen,鷹嘴豆,3
pois d'angole,arveja,pigeon pea,piselli piccanti,ervilha-de-pombo,taubenerbse,木豆,3
pois gourmand,guisante gourmet,greedy bean,piselli dolci,ervilha doce,edelwicken,貪心豆,3
pois mange tout,guisante de nieve,snow pea,piselli neve,ervilha da neve,schneeerbsen,雪豆,3
soja texture,soja texturizada,textured soybeans,soia strutturata,soja texturizada,strukturierte sojabohnen,大豆,3
soja vert,soja verde,green soy,soia verde,soja verde,grüne sojabohnen,綠豆,3
soja&germes de soja,haba de soja&soja,soy,soia,soja&broto de feijão,sojabohnen&sojabohnensprossen,黃豆,3
tofu,tofu,tofu,tofu,tofu,tofu,豆腐,3
bolet,boleto,boletus,boletus,boleto,steinpilz,牛肝菌,4
champignon&champignon de paris,seta&hongos&champiñones,mushroom,funghi,cogumelo,champignons,蘑菇,4
chanterelle&girolle,cuerda&níscalos&rebozuelo,chanterelle,finferli,chanterelle,pfifferling,雞油菌,4
cèpe,cep,cep,porcini,cepe,cepe,藤蔓,4
enokitake,enokitake,enokitake,enokitake,enokitake,enokitake,江之竹,4
matsutake,matsutake,matsutake,matsutake,matsutake,matsutake,松茸,4
morille,morel,morel,morel,morel,morchel,羊肚菌,4
pied de mouton,pied de mouton,pied de mouton,pied de mouton,pied de mouton,pied de mouton,皮德木桐,4
pleurote,pleuroto,pleurote,pleurote,cogumelo ostra,austernpilz,胸膜肺炎,4
portobello,portobello,portobello,portobello,portobello,portobello,貝羅貝洛,4
shiitaké,shiitake,shiitake,shiitake,shiitake,shiitake,香菇,4
shimeji,shimeji,shimeji,shimeji,shimeji,shimeji,姬路,4
truffe,trufa,truffle,tartufo,trufa,truffel,松露,4
amande,almendra,almond,mandorla,amêndoa,mandel,杏仁,5
cacahuète&arachide,cacahuete&maní,peanut,arachidi,amendoim,erdnuss,花生,5
marron&châtaigne,castaña,chestnut,marrone&castagne,castanha,kastanie&marone,板栗,5
noisette,avellana,hazelnut,noce&nocciola,avelã,haselnuss,榛子,5
noix,nuez&nueces de nogal,walnut&nuts,noci,noz,walnuss,核桃,5
noix de bétel,nuez de betel,betel nut,noci di betel,noz de betele,betelnuss,檳榔,5
noix de cajou,anacardo,cashew,anacardi,caju,cashewnuss,腰果,5
noix de cardamome,nuez de cardamomo,cardamom nut,noce di cardamomo,noz de cardamomo,kardamomnuss,小荳蔻堅果,5
noix de coco,coco,coconut,noce di cocco,coco,kokosnuss,椰子,5
noix de macadamia,nuez de macadamia,macadamia nut,noce di macadamia,noz de macadamia,macadamianuss,澳大利亞堅果,5
noix de pecan,nuez de pecán,pecan nut,noce di pecan,noz peca,pekannuss,山核桃,5
noix du brésil,nuez de brasil,brazil nut,noce di brasile,noz-do-brasil,paranuss,巴西堅果,5
pistache,pistacho,pistachio,pistacchio,pistácio,pistazie,開心果,5
alaria,alaria,alaria,alaria,alaria,alaria,阿拉里亞,6
arame,árame,arame,arame,arame,arame,阿拉姆,6
dulse,dulse,dulse,dulse,dulse,dulse,杜爾塞,6
hijiki,hijiki,hijiki,hijiki,hijiki,hijiki,日式,6
irish moss,irish moss,irish moss,muschio irlandese,musgo irlandês,irisches moos,愛爾蘭苔蘚,6
kombu,kombu,kombu,kombu,kombu,kombu,海布,6
nori,nori,nori,nori,nori,nori,紫菜,6
spiruline,espirulina,spirulina,spirulina,spirulina,spirulina,螺旋藻,6
varech,quelpo,kelp,alghe,kelp&alga marinha,seetang,海帶,6
wakame,wakame,wakame,wakame,wakame,wakame,裙帶菜,6
agretti,agretti,agretti,agretti,agretti,agretti,阿格雷蒂,7
aloe vera,aloe vera,aloe vera,aloe vera,aloe vera&babosa,aloe vera,蘆薈,7
amarante,amaranto,amaranth,amaranto,amaranto,amaranth,莧菜,7
chia,chía,chia seeds,chia,chia,chia,嘉種子,7
chicorée&puntarelle,achicoria,chicory,cicoria&puntarelle,chicória,chicoree,菊苣,7
cornichon,pepinillo,pickle,sottaceto,picles,essiggurke,泡菜,7
câpre,alcaparra,caper,cappero,alcaparra,kapern,跳躍,7
graine de lin,linaza,linseed,semi di lino,semente de linho,leinsamen,亞麻籽,7
graine de tournesol,pipas de girasol&pipas,sunflower seed,semi di girasole,semente de girassol,sonnenblumenkerne,葵花籽,7
graines de citrouille,pipas de calabaza,pumpkin seeds,semi di zucca,sementes de abóbora,kürbiskerne,南瓜子,7
graines de fenouille,semillas de hinojo,fennel seeds,semi di finocchio,sementes de funcho,fenchelsamen,茴香種子,7
graines de pavot,semillas de amapola,poppy seeds,semi di papavero,sementes de papoila,mohnsamen,罌粟種子,7
ortie,ortiga,nettle,ortica,urtiga,brennnessel,蕁麻,7
psyllium,psyllium,psyllium,psillio,psyllium,flohsamen,車前草,7
rooibos,rooibos,rooibos,rooibos,rooibos,rooibos,如意寶,7
souchet,chufa,chufa,mestolone,souchet,souchet,楚發,7
tapioca,tapioca,tapioca,tapioca,tapioca,tapioka,木薯,7
aneth,eneldo,dill,aneto,endro,dill,蒔蘿,8
basilic,albahaca,basil,basilico,manjericão,basilikum,羅勒,8
cannabis&zamal&chanvre,marijuana,weed,marijuana&canapa,maconha,marihuana,雜草,8
cerfeuil,perifollo,chervil,cerfoglio,cerefolio,kerbel,細葉芹,8
ciboulette,cebollino,chive,erba cipollina,cebolinha,schnittlauch,細香蔥,8
citronnelle,citronela,citronella,citronella,capim limão,zitronengras,香茅,8
coriandre,cilantro,cilantro,coriandolo,coentro,koriander,香菜,8
estragon,estragón,tarragon,dragoncello,estragão,estragon,龍蒿,8
herbes aromatiques&bouquet garni&herbes de provence,hierbas aromáticas&herbá de la proviencia,aromatic herbs&herbs,erbe aromatiche&herbes de provence,ervas aromáticas&ervas da provence,aromatische krauter&provence krauter,香草,8
laurier,laurel,laurel,alloro,folha de louro,lorbeerblatt,月桂樹,8
lavande,lavanda,lavander,lavanda,lavanda,lavendel,薰衣草,8
livèche,levistico,lovage,levistico,levístico,liebstöckel,独活草,8
marjolaine,mejorana,marjoram,maggiorana,manjerona,majoran,馬鬱蘭,8
menthe&menthe poivrée,menta&hierbabuena,mint&peppermint,menta&menta piperita,hortelã&hortelã pimenta,minze&pfefferminze,薄荷,8
mélisse,toronjil,melissa,melissa,erva-cidreira,zitronenmelisse,梅利莎,8
origan,orégano,oregano,origano,oregano,oregano,牛至,8
oseille,alazán,sorrel,acetosa,azeda,sauerampfer,酢漿草,8
persil,perejil,parsley,prezzemolo,salsinha,petersilie,香菜,8
purslane,verdolaga,purslane,portulaca,beldroega,portulak,马齿苋,8
romarin,romero,rosemary,rosmarino,alecrim,rosmarin,迷迭香,8
sarriette,ajedrea,savory,salato,salgado,bohnenkraut,美味的,8
sauge,salvia,sage,salvia,sálvia,salbei,智者,8
thym&serpolet,tomillo,thyme,timo,tomilho,thymian,百里香,8
verveine,verbena,verbena,verbena,verbena,eisenkraut,馬鞭草,8
anis vert,anís verde,green anise,anice verde,anis-verde,grüner anis,綠茴香,101
anis&anis étoilé&badiane,anís&anís estrellado,anise,anice,anis&anis estrelado,anis&sternanis,八角,101
baie de genièvre,baya de enebro,juniper berry,bacca ginepro,zimbro,wacholderbeere,杜松子,101
café,café,coffee,caffè,café,kaffee,咖啡,101
cannelle,canela,cinnamon,cannella,canela,zimt,肉桂,101
cardamome,cardamomo,cardamom,cardamomo,cardamomo,kardamom,小荳蔻,101
chaat masala,chaat masala,chaat masala,chaat masala,masala chaat,masala chaat,chaat masala,101
cinq baies,cinco bahías,five bays,cinque bacche,cinco bagas,funf beeren,五個海灣,101
cinq épices,cinco especias,five spices,cinque spezie,cinco especiarias,funf gewürze,五種香料,101
clou de girofle,clavo,clove,chiodi di garofano,cravo,nelken,丁香,101
cumin noir,comino negro,black cumin,cumino nero,cominho preto,schwarzkümmel,黑孜然,101
cumin&carvi,comino&alcaravea,cumin&carvi,cumino,cominho,kreuzkümmel&kümmel,孜然,101
curcuma,cúrcuma,turmeric,curcuma,curcuma,kurkuma,薑黃,101
curry,curri,curry,curry,caril,curry,咖哩,101
garam masala&massala,garam masala,garam masala,garam masala,garam masala&massala,garam masala&massala,加拉姆·馬薩拉,101
gingembre,jengibre&raíz de jengibre,ginger,zenzero,gengibre,ingwer,生薑,101
harissa,harissa,harissa,harissa,harissa,harissa,哈里薩辣醬,101
lin moulu,lino molido&lino,grounded linen,lino macinato,linho moído,gemahlener flachs,亞麻床單,101
macis,maza,mace,macis,maza,muskatblüte,錘,101
maniguette,maniguette,maniguette,maniguette,maniguete,maniguette,maniguette,101
nigelle,nigella,nigella,nigella,nigella,nigella,黑黴菌,101
noix de muscade,nuez moscada,nutmeg,noce moscata,noz-moscada,muskatnuss,肉荳蔻,101
panch phoran,panch phoran,panch phoran,panch phoran,panch phoran,panch phoran,潘芙蓉,101
paprika,paprika&pimentón,paprika,paprika,paprica,paprika,辣椒,101
paprika fume,pimentón ahumado,smoked paprika,paprika affumicato,paprica defumada,geräucherter paprika,熏制辣椒粉,101
pavot,amapola,poppy,papavero,papoula,mohn,罌粟,101
piment d'alep,pimienta alepo,aleppo pepper,pepe alep,pimenta alep,alep pfeffer,阿勒頗胡淑,101
piment oiseau,pimienta de pájaro,chili pepper,pepe uccello,pimenta de pássaro,vogel pfeffer,辣椒,101
poivre blanc,pimienta blanca,white pepper,pepe bianco,pimenta-branca,weißer pfeffer,白胡椒,101
poivre rose&baie rose,pimienta rosa,pink pepper,pepe rosa,pimenta rosa&baga rosa,rosa pfeffer&rosa beere,粉紅胡椒,101
poivre vert,pimienta verde,green pepper,pepe verde,pimenta-verde,grüner pfeffer,綠皮書,101
poivre&poivre noir,pimienta,pepper,pepe,pimenta&pimenta-preta,pfeffer&schwarzer pfeffer,胡椒,101
quatre épices&poivre de la jamaïque,pimienta de jamaica,allspice,quattro spezie,quatro especiarias&pimenta jamaicana,vier gewürze&jamaikanischer pfeffer,多香果粉,101
ras el hanout,ras el hanout,ras el hanout,ras el hanout,ras el hanout,ras el hanout,拉斯埃爾哈努特,101
safran,azafrán,saffron,zafferano,açafrão,safran,藏紅花,101
sel de céleri,sal de apio,celery salt,sale di sedano,sal de aipo,selleriesalz,芹菜鹽,101
sel rose de l'himalaya,sal rosa del himalaya,pink salt of the himalayas,sale rosa dell himalaya,sal rosa do himalaia,rosa himalaya salz,喜馬拉雅山的粉紅鹽,101
sel&fleur de sel,sal&sal marina,salt,sale,sal&flor de sal,salz&fleur de sel,鹽,101
sumac,zumaque,sumac,sommacco,sumagre,sumach,相撲,101
sweet vera paprika,pimentón de la vera dulce,sweet vera paprika,paprika dolce vera,paprica doce de vera,susser vera paprika,甜維拉辣椒粉,101
sésame&graines de sésame,sésamo,sesame,sesame,sementes de gergelim&gergelim,sesam,芝麻,101
tabasco,tabasco,tabasco,tabasco,tabasco,tabasco,塔巴斯科,101
vanille,vainilla,vanilla,vaniglia,baunilha,vanille,香草,101
wasabi,wasabi,wasabi,wasabi,wasabi,wasabi,芥末,101
bicarbonate,bicarbonato,bicarbonate,bicarbonato,bicarbonato,bikarbonat,碳酸氫鹽,101
bouillon de légumes&bouillon,caldo de verdura,vegetable broth,brodo vegetale,caldo de legumes&vegetais,gemüsebrühe&brühe,蔬菜湯,102
dashi,dashi,dashi,dashi,dashi,dashi,大石,102
eau&glaçon,agua&hielo,water&ice,acqua&ghiaccio,agua&gelo,wasser&eis,水,102
huile d'ail,aceite de ajo,garlic oil,olio di aglio,óleo de alho,knoblauchöl,大蒜油,102
huile d'olive&huile de tournesol&huile,aceite de oliva&aceite de girasol,olive oil&sunflower oil,olio di oliva,azeite&óleo de girassol,olivenöl&sonnenblumenöl,橄欖油,102
huile de colza,aceite de colza,colza oil,olio di colza,óleo de colza,rapsöl,菜子油,102
huile de mais,aceite de maíz,corn oil,olio di mais,óleo de milho,maisöl,玉米油,102
huile de noix,aceite de nuez,nut oil,olio di noci,óleo de noz,walnussöl,堅果油,102
huile de noix de coco,aceite de coco,coconut oil,olio di cocco,óleo de coco,kokosöl,椰子油,102
huile de pépins de raisin,aceite de semilla de uva,grape seed oil,olio di semi d uva,óleo de sementes de uva,traubenkernöl,葡萄籽油,102
huile de soja,aceite de soja,soy oil,olio di semi di soia,óleo de soja,sojaöl,豆油,102
huile de truffe,aceite de trufa,truffle oil,olio al tartufo,óleo de trufas,truffelöl,松露油,102
margarine,margarina,margarine,margarina,margarina,margarine,人造黃油,102
miso,miso,miso,miso,misso,miso,味噌,102
moutarde,mostaza,mustard,senape,mostarda,senf,芥末,102
pesto,pesto,pesto,pesto,pesto,pesto,香蒜,102
sauce soja&tamari,salsa de soja&tamari,soy sauce,salsa di soia,molho de soja,sojasauce,醬油,102
the vert&matcha,té verde,green tea,te verde,chá verde&matcha,grüner tee&matcha,綠茶,102
the&the noir,té&earl grey,tea,te,chá preto&chá,schwarzer tee&tee,茶,102
tisane,tisana,tisane,tisane,chá de ervas,kräutertee,蒂三烷,102
vinaigre balsamique&vinaigre,vinagre balsámico&vinagre de módena&vinagre,balsamic vinegar,aceto balsamico,vinagre balsâmico&vinagre,balsamico essig&essig,香醋,102
vinaigre de framboise,vinagre de frambuesa,raspberry vinegar,aceto di lamponi,vinagre de framboesa,himbeeressig,覆盆子醋,102
vinaigre de riz,vinagre de arroz,rice vinegar,aceto di riso,vinagre de arroz,reisessig,米醋,102
vinaigre de vin blanc,vinagre de vino blanco,white wine vinegar,aceto di vino bianco,vinagre de vinho branco,weißweinessig,白葡萄酒醋,102
vinaigre de vin rouge,vinagre de vino tinto,red wine vinegar,aceto di vino rosso,vinagre de vinho tinto,rotweinessig,紅酒醋,102
vinaigre de xérès,vinagre de jerez,sherry vinegar,aceto di sherry,vinagre de xerez,sherryessig,雪利醋,102
vinaigrette,vinagreta,vinaigrette,vinaigrette,vinagrete,vinaigrette,油醋汁,102
vinaigrette aux fines herbes,vinagreta de finas hierbas,fines herbs vinaigrette,vinaigrette alle erbe,vinagrete de ervas,kräutervinaigrette,罰款香草醋,102
vinaigrette aux fraises,vinagreta de fresas,strawberry vinaigrette,vinaigrette alla fragola,vinagrete de morango,erdbeervinaigrette,草莓油醋汁,102
avoine&farine d'avoine&flocons d'avoine,avena&harina de avena,oat&oatmeal,avena,aveia,hafer&haferflocken,燕麥,103
blé,trigo,wheat,grano,trigo,weizen,小麥,103
blé d'épeautre&farine d'épeautre,trigo espelta&harina de espelta,spelled wheat&spelt flour,grano di farro,trigo espelta&farinha de espelta,dinkelweizen&dinkelmehl,小麥拼,103
boulgour,bulgur,bulgur,bulgur,bulgur,bulgur,碾碎的干小麥,103
couscous,cuscús,couscous,cuscus,cuscuz,couscous,庫斯庫斯,103
farine de blé complet&farine intégrale,harina de trigo integral,whole wheat flour,farina integrale,farinha de trigo integral,vollkornmehl,全麥麵粉,103
farine de châtaigne,harina de castaña,chestnut flour,farina di castagne,farinha de castanha,kastanienmehl,栗粉,103
farine de mais,harina de maíz,corn flour,farina di mais,farinha de milho,maismehl,玉米粉,103
farine de pois chiche,harina de garbanzos,chick pea flour,farina di ceci,farinha de grão de bico,kichererbsenmehl,鷹嘴豆粉,103
farine de sarrasin,harina de sarrazan,buckwheat flour,farina di grano saraceno,farinha de trigo-sarraceno,buchweizenmehl,小麥麩皮麵粉,103
farine de seigle,harina de centeno,rye flour,farina di segale,farinha de centeio,roggenmehl,黑麥麵粉,103
farine&farine de blé,harina,flour&wheat flour,farina,farinha de trigo&farinha,weizenmehl&mehl,麵粉和小麥粉,103
fonio,fonio,fonio,fonio,fonio,fonio,豐尼奧,103
frik,frik,frik,frik,frik,frik,弗里克,103
granola,granola,granola,granola,granola,granola,格蘭諾拉麥片,103
gurullos,gurullos,gurullos,gurullos,gurullos,gurullos,古魯洛斯,103
mais,maíz,corn,mais,milho,mais,玉米,103
maïzena&fécule de mais,maicena,cornstarch,maizena,amido de milho,maisstärke,玉米澱粉,103
mil,mijo,son,miglio,milheto,hirse,兒子,103
muesli,muesli,muesli,muesli,muesli,müsli,麥片,103
orge,cebada,barley,orzo,cevada,gerste,大麥,103
polenta,polenta,polenta,polenta,polenta,polenta,玉米粥,103
pâte mère,masa madre,mother dough,pasta madre,massa mãe,mutterteig,媽媽麵團,103
quinoa,quinoa,quinoa,quinoa,quinoa,quinoa,藜麥,103
riz complet,arroz integral,wholemeal rice,riso integrale,arroz integral,vollkornreis,全麥飯,103
riz&farine de riz&riz blanc&basmati,arroz&harina de arroz,rice&rice flour,riso,arroz&farinha de arroz&arroz branco&basmati,reis&reismehl&weißer reis&basmatireis,白飯,103
sarrasin,alforfón&trigo sarraceno,buckwheat,grano saraceno,trigo-sarraceno,buchweizen,蕎麥,103
seigle,centeno,rye,segale,centeio,roggen,黑麥,103
semoule,sémola,semolina,semola,sêmola,grieß,粗糧,103
son de blé,sonido de trigo,bran,crusca di frumento,farelo de trigo,weizenkleie,麩,103
sorgho,sorgo,sorghum,sorgo,sorgo,sorghum,高粱,103
cannellonis,canelones,cannelloni,cannelloni,canelone,cannelloni,碎肉捲,104
farfalle,farfalle,farfalle,farfalle,farfalle,farfalle,廚子,104
gnocchi,ñoqui,gnocchi,gnocchi,nhoque,gnocchi,面,104
lasagne,lasaña,lasagna,lasagna,lasanha,lasagne,烤宽面条,104
lumaconi,lumaconi,lumaconi,lumaconi,lumaconi,lumaconi,lumaconi,104
macaroni,macarrones,macaroni,maccheroni,macaroni,makkaroni,通心粉,104
macaroni de blé entier,macarrones integrales,whole macaroni,maccheroni di grano integrale,macaroni de trigo integral,vollkornmakkaroni,整個通心粉,104
nouilles,fideos,noodles,noodles,talharim,nudeln,麵條,104
penne rigate,penne rigate,penne rigate,penne rigate,penne rigate,penne rigate,潘尼加里加,104
pâte de riz,pasta de arroz,rice pasta,pasta di riso,pate de arroz,reispastete,米粉,104
pâtes,pasta,pasta,pasta,macarrão,pasta,意大利面,104
pâtes entières&nouilles complètes,pasta integral&fideos integral,wheat pasta&wholemeal noodles,pasta intera,macarrão inteiro&macarrão integral,ganze nudeln,小麥麵食,104
spaghetti&spaghettini,espaguetis&spaghettini,spaghetti&spaghettini,spaghetti,espaguete,spaghetti&spaghettini,意大利面,104
vermicelle,vermicelle,vermicelli,vermicelli,aletria,fadennudeln,掛麵,104
baguette,baguette,baguette,baguette,baguete,baguette,法國麵包,105
biscotte,bizcocho tostado,rusk,fette biscottate,tosta,zwieback,麵包幹,105
biscuit,galleta,biscuit,biscotto,biscoito,keks,餅乾,105
blini,blini,blini,blini,blini,blini,布利尼,105
brik,brik,brik,brik,brik,brik,布里克,105
brioche,brioche,brioche,brioche,brioche,brioche,鞋墊,105
chapelure,pan rallado&miga de pan,breadcrumbs,pangrattato,pão ralado,kapelle,麵包屑,105
croissant,croissant,croissant,croissant,croissant,croissant,羊角麵包,105
croutons,picatostes,croutons,crostini,pão torrado,croutons,油炸麵包塊,105
crêpe,crepe,crêpe,crepe,crepe,crêpe,縐,105
frangipane,franchipán,frangipani,frangipani,frangipane,frangipane,雞蛋花,105
gressin,barra de pan,breadstick,gressin,palito de pão,brotstress,麵包棒,105
levain&levure,levadura,leaven&yeast,lievito,fermento,sauerteig&hefe,酵,105
mie de pain&pain de mie,hogaza de pan,soft bread,briciola di pane,migalhas de pão&sanduíche,semmelbrösel&sandwichbrot,軟麵包,105
pain,pan,bread,pane,pão,brot,麵包,105
pain blanc,pan blanco,white bread,pane bianco,pão branco,weißbrot,白麵包,105
pain complet,pan integral,wholemeal bread,pane completa,pão integral,vollkornbrot,全麥麵包,105
pain d'épeautre,pan de escanda&pan de espelta,spelt bread,pane di farro,pão de espelta,dinkelbrot,全麥麵包,105
pain d'épice,pan de jengibre,ginger bread,pan di zenzero,pão tempero,brot gewürz,薑餅,105
pain de campagne,pan de campaña,pain de campagne,pane di campagna,pão do pais,landbrot,坎帕涅之痛,105
pain de seigle,pan de centeno,rye bread,pane di segale,pão de centeio,roggenbrot,黑麥麵包,105
pita,pita,pita,pita,pão árabe,pita,皮塔餅,105
pâte brisée,masa quebrada,shortcrust pastry,pasta spezzata,massa crocante,knuspriger teig,脆皮糕點,105
pâte feuilletée,hojaldre,puff pastry,pasta sfoglia,massa folhada,blätterteig,油酥點心,105
pâte sablée,pasta flora,pastry,pasta frolla,massa de areia,sandiger teig,糕點,105
pâte à pizza,masa de pizza,pizza dough,pasta pizza,massa de piza,pizzateig,披薩麵團,105
spéculoos,speculoos,speculoos,speculoos,speculoos,spekulatius,窺探者,105
pain grillé,tostada,toast,pane tostato,pão torrado,toast,吐司,105
tortilla,tortilla,tortilla,tortilla,tortilha,tortilla,玉米餅,105
béchamel,besamel,bechamel,besciamella,bechamel,bechamel,贝克汉姆,106
beurre de cacahuète,mantequilla de maní,peanut butter,burro di cacao,manteiga de amendoim,erdnussbutter,花生醬,106
crème de soja,crema de soja,soy crème,crema di soia,creme de soja,sojacreme,大豆奶油,106
lait d'amande,leche de almendras,almond milk,latte di mandorle,leite de amêndoa,mandelmilch,杏仁奶,106
lait d'avoine,leche de avena,oat milk,latte di avena,leite de aveia,hafermilch,燕麥奶,106
lait de coco,leche de coco,coconut milk,latte di cocco,leite de coco,kokosmilch,椰奶,106
lait de soja&lait végétal,leche de soja,soy milk,latte soia,leite de soja,milch soja&gemusemilch,豆漿,106
tempeh,tempeh,tempeh,tempeh,tempeh,tempeh,豆豉,106
agave,agave,agave,agave,agave,agave,龍舌蘭,107
cacao,cacao,cocoa,cacao,cacau,kakao,可可,107
caramel,caramelo,caramel,caramello,caramelo,karamell,焦糖,107
cassonade&sucre de canne&sucre roux,azúcar moreno&azúcar de cana,brown sugar,zucchero di canna,açúcar mascavo&açúcar de cana,brauner zucker&rohrzucker,紅糖,107
chocolat au lait,chocolate con leche,milk chocolate,cioccolato al latte,chocolate ao leite,milchschokolade,牛奶巧克力,107
chocolat blanc,chocolate blanco,white chocolate,cioccolato bianco,chocolate branco,weiße schokolade,白巧克力,107
chocolat&chocolat noir,chocolate,chocolate,cioccolato,chocolate&chocolate amargo,schokolade&dunkle schokolade,巧克力,107
confiture,mermelada,jam,marmellata,geleia,marmelade,果醬,107
crème de marron,crema marrón,chestnut cream,crema marrone,creme de castanha,kastaniencreme,栗子奶油,107
miel,miel,honey,miele,mel,honig,蜂蜜,107
nougat,turrón,nougat,torrone,nougat,nougat,牛軋糖,107
praline,almendra garapiñada,praline,pralina,praline,praline,果仁糖,107
pâte d'amande,pasta de almendras,almond paste,marzapane,pasta de amêndoa,mandelpaste,杏仁糊,107
réglisse,regaliz,licorice,liquirizia,alcacuz,lakritz,甘草,107
sirop d'érable,jarabe de arce,maple syrup,sciroppo d acero,xarope de bordo,ahornsirup,楓糖漿,107
sucre de coco,azúcar de coco,coconut sugar,zucchero di cocco,açúcar de coco,kokosnusszucker,椰子糖,107
sucre glace,azúcar glas,icing sugar,zucchero a velo,açúcar de confeiteiro,puderzucker,糖粉,107
sucre vanille,azúcar de vainilla,vanilla sugar,zucchero vanigliato,açúcar de baunilha,vanillezucker,香草糖,107
sucre&sucre blanc,azúcar,sugar,zucchero,açúcar&açúcar branco,zucker&weißzucker,糖,107
armagnac,armañac,armagnac,armagnac,armagnac,armagnac,阿馬尼亞克,110
beaujolais,beaujolais,beaujolais,beaujolais,beaujolais,beaujolais,博若萊,110
bière,cerveza,beer,birra,cerveja,bier,啤酒,110
calvados,calvados,calvados,calvados,calvados,calvados,卡爾瓦多斯,110
champagne,champán,champagne,champagne,champanhe,champagner,香檳酒,110
cidre,sidra,cider,sidro,cidra,apfelwein,蘋果酒,110
cognac,coñac,cognac,cognac,conhaque,cognac,科涅克白蘭地,110
gin,ginebra,gin,gin,gim,gin,杜松子酒,110
grand marnier,grand marnier,grand marnier,grand marnier,grand marnier,grand marnier,大俠,110
kirsch,kirsch,kirsch,kirsch,kirsch,kirsch,基爾施,110
noilly prat,noilly prat,noilly prat,noilly prat,noilly prat,noilly prat,諾伊·普拉特,110
pastis,pastís,pastis,pastis,pastis,pastis,糊狀,110
porto,porto,porto,porto,porto,portwein,波爾圖,110
rhum,ron,rum,rum,rum,rum,朗姆酒,110
rose,vino rosado,rose,rose,vinho rosa,roséwein,玫瑰,110
vin blanc&vin,vino blanco,white wine,vino bianco,vinho branco&vinho,weißwein&wein,白酒,110
vin de madeire,vino de madeira,madeira wine,vin de madeire,vinho madeire,madeire wein,馬德拉酒,110
vin rouge,vino tinto,red wine,vino rosso,vinho tinto,rotwein,紅酒,110
vodka,vodka,vodka,vodka,vodca,wodka,伏特加,110
whisky,whiskey,whisky,whisky,uísque,whisky,威士忌酒,110
babeurre&lait ribot,suero de la leche,buttermilk,latticello,soro de leite coalhado&leite ribot,buttermilch&ribotmilch,酪,201
beurre sale,mantequilla salada,salted butter,burro salato,manteiga suja,schmutzige butter,咸黃油,201
beurre&beurre doux,mantequilla&mantequilla dulce,butter&soft butter,burro,manteiga&manteiga doce,butter&susse butter,牛油,201
crème chantilly,crema batida,whipped cream,panna montata,chantili,schlagsahne,鮮奶油,201
crème liquide&crème fleurette,crema líquida,liquid cream,panna liquida,creme liquido,flüssige sahne,液狀膏,201
crème&crème fraiche,nata,sour cream,crema,creme&creme frescos,frische sahne&sahne,酸奶油,201
kéfir,kéfir,kefir,kefir,kefir,kefir,開菲爾,201
kéfir de chèvre,kéfir de cabra,goat kefir,capra kefir,kefir de cabra,ziegenkefir,山羊開菲爾,201
lait concentre,leche condensada,concentrated milk,latte condensato,leite condensado,kondensmilch,煉乳,201
lait&lait de vache,leche&lacte,milk,latte,leite de vaca,kuhmilch,牛奶,201
yaourt,yogur,yogurt,yogurt,iogurte,joghurt,酸奶,201
beaufort,beaufort,beaufort,beaufort,beaufort,beaufort,博福特,202
boursin&fromage aux fines herbes,bursin&queso de hierbas,bursin&herbal cheese,boursin,bolsa&queijo de ervas,geldbörse&kräuterkase,布森,202
brie,brie,brie,brie,brie,brie,布里乾酪,202
brillât savarin,brillat savarin,brillat savarin,brillat savarin,brillat savarin,brillat savarin,布里拉特·薩瓦林,202
camembert,camembert,camembert,camembert,camembert,camembert,卡蒙伯爾,202
cantal,cantal,cantal,cantal,cantal,cantal,運河,202
cheddar,cheddar,cheddar,cheddar,queijo cheddar,cheddar,切達干酪,202
crottin chavignol,crottin chavignol,crottin chavignol,crottin chavignol,crottin chavignol,crottin chavignol,克羅汀沙威尼醇,202
emmental&comte&gruyère,emmental&gruyere,emmental&gruyère,emmental,emmental&comte&gruyere,emmental&comte&gruyere,情感的,202
faisselle,requesón,cottage cheese,faiselle,queijo tipo cottage,hüttenkäse,乾酪,202
feta,feta&queso feta,feta,feta,feta,feta,羊乳酪,202
fourme d'ambert,fourme d'ambert,fourme d'ambert,fourme d'ambert,fourme d'ambert,fourme d'ambert,fourme d'ambert,202
fromage a la crème&philadelphia,queso de crema&philadelphia,cream cheese&philadelphia,formaggio cremoso,cream cheese&filadelfia,frischkase&philadelphia,奶油乳酪,202
fromage a pâte dure,queso duro,hard cheese,formaggio a pasta dura,queijo duro,hartkäse,硬奶酪,202
fromage a pâte molle,queso blando,soft paste cheese,formaggio a pasta molle,queijo macio,weichkäse,軟糊奶酪,202
fromage a pâte persillée,queso azul,blue cheese,formaggio blu,queijo azul,blauschimmelkäse,藍乳酪,202
fromage de chèvre&chèvre,queso de cabra,goat cheese,formaggio di capra,queijo de cabra,ziegenkäse,山羊奶酪,202
fromage fermenté,queso fermentado,fermented cheese,formaggio fermentato,queijo fermentado,fermentierter käse,發酵奶酪,202
fromage frais&fromage blanc,queso fresco,fresh cheese,formaggio fresco,queijo creme&queijo branco,weißkäse,新鮮奶酪,202
fromage râpé,queso rallado,grated cheese,formaggio grattugiato,queijo ralado,geriebener käse,磨碎的奶酪,202
fromage végan,queso vegano,vegan cheese,formaggio vegano,queijo vegan,veganer käse,純素奶酪,202
gorgonzola,gorgonzola,gorgonzola,gorgonzola,gorgonzola,gorgonzola,戈貢佐拉,202
gouda,gouda,gouda,gouda,gouda,gouda,高達,202
maroilles,maroilles&taleggio,maroilles,maroilles,marrocos,maroilles,馬洛萊斯,202
mascarpone,mascarpone,mascarpone,mascarpone,mascarpone,mascarpone,馬斯卡彭尼,202
mont d'or,mont d'or,mont d'or,mont d'or,mont d'or,mont d'or,蒙特或,202
mozzarella&burrata,mozzarella&burrata,mozzarella&burrata,mozzarella,mussarela&burrata,mozzarella&burrata,奶酪,202
parmesan,parmesano,parmesan,parmigiano,parmesão,parmesan,巴馬干酪,202
pecorino romano,pecorino romano,pecorino romano,pecorino romano,pecorino romano,pecorino romano,佩科里諾羅馬諾,202
raclette,raclette,raclette,raclette,raclette,raclette,拉克萊特,202
reblochon,reblochon,reblochon,reblochon,reblochon,reblochon,reblochon,202
ricotta,ricota,ricotta,ricotta,ricota,ricotta,凝乳,202
roquefort&bleu d'auvergne,roquefort,roquefort,roquefort,roquefort&bleu d auvergne,roquefort&bleu d auvergne,羊乳乾酪,202
st môret,st moret,st moret,st moret,st moret,st moret,聖莫雷,202
tomme,tomme,tomme,tomme,tomme,tomme,湯姆,202
œuf,huevo,egg,uovo,egg,ei,蛋,203
anchois,boquerón&anchoas,anchovy,acciuga,anchova,sardellen,鳳尾魚,211
anguille,anguila,eel,anguilla,enguia,aal,鰻魚,211
bar&loup,lubina,sea bass,spigola,robalo,seebarsch,鱸魚,211
barbue&turbot,rodaballo,brill,catbue,barbudo,steinbutt,布里爾,211
baudroie&lotte,lota&rape,burbot&anglerfish,coda di rospo,tamboril,seeteufel,安康魚,211
bonite,bonito,bonito,bonito,bonito,bonito,鰹,211
brochet,lucio,pike,luccio,lúcio,hecht,派克,211
cabillaud&morue,bacalao,cod&stockfish,merluzzo,bacalhau,kabeljau,鱈魚,211
carpe,carpa,carp,carpa,carpa,karpfen,鯉魚,211
caviar,caviar,caviar,caviale,caviar,kaviar,魚子醬,211
congre,congrio,conger,grongo,congro,conger aal,鰻魚,211
dorade&brème de mer&daurade,dorada&brema,bream,dorado,dourada,seebrasse&dorade brasse,海鯛,211
espadon,pez espada,swordfish,pesce spada,peixe-espada,schwertfisch,旗魚,211
esturgeon,esturión,sturgeon,storione,esturjão,stor,鱘,211
flétan,hipogloso,halibut,ippoglosso,alabote,heilbutt,大比目魚,211
furikake,furikake,furikake,furikake,furikake,furikake,假貨,211
gardon,cucaracha,roach,scarafaggio,barata,plötze,蟑螂,211
grondin,escarcho,gurnard,gurnard,bacamarte,knurrhahn,魴魚,211
hareng,arenque,herring,aringa,arenque,hering,鯡魚,211
lieu noir&lieu jaune,saithe,pollack&saithe,merluzzo carbonaro&pollack,escamudo,spricht&pollack,賽義德,211
limande&carrelet&plie,lenguado&platija,plaice&dab,dab&passera,solha,flunder&scholle,輕拍,211
lingue bleue,ling azul,blue ling,blue ling,maruca azul,blauer leng,藍鈴,211
maigre&courbine,corvina,croaker,corvina,corvina,croaker,瘦骨嶙峋的,211
maquereau,caballa,mackerel,mackerel,cavala,makrele,鯖魚,211
marlin,aguja,marlin,marlin,marlim,marlin,馬林魚,211
melva,melva,frigate tuna,lekva,melva,melva,梅爾瓦,211
merlan,pescadilla &bacaladilla,whiting,whiting,badejo,wittling,鱈魚,211
merlu&colin,merluza,hake,hake,pescada,seehecht,無須鱈,211
mérou,agrupador,grouper,grouper,pescada garoupa,zackenbarsch,石斑魚,211
omble chevalier,char,arctic char,salmeriona alpino,carvão ártico,seesaibling,燒焦,211
panga,panga,panga,panga,panga,panga,潘加,211
perche,perca,perch,persico,poleiro,barsch,極,211
pibale&civelle,angula,elver,pibal,elver,elver,精靈,211
poisson,pescado,fish,pesce,peixe,fisch,魚,211
raie,raya,ray,raggio,skate,schlittschuh,黃貂魚,211
rascasse,rescaza,scorpion fish,pesce scorpione,peixe escorpião,skorpionfisch,獅子魚,211
requin&saumonette,tiburón,shark,squalo,tubarão,hai,鯊魚,211
rouget barbet,salmonete,red mullet,triglia,salmonete,rotbarbe,鯔,211
rousse,pintarroja,redhead,lampone rosso,raposa-vermelha,rotfuchs,紅發女郎,211
roussette,lobo de mar,sea dog,volpe,dogfish,dogfish,狗魚,211
sabre noir,espada negra,black sword,spada nera,espada preta,schwarzes schwert,黑軍刀,211
saint pierre,san pedro,saint pierre,saint pierre,santo pedra,heiliger stein,聖皮埃爾,211
sandre,lucioperca,zander,pesce persico,zander,zander,梭鱸,211
sardine,sardina,sardine,sardina,sardinha,sardinen,沙丁魚,211
saumon,salmón,salmon,salmone,salmão,lachs,三文魚,211
saumon fume,salmón ahumado,smoker salmon,salmone affumicato,salmão defumado,raucherlachs,煙熏三文魚,211
silure,bagre,catfish,pesce gatto,peixe-gato,wels,鯰魚,211
sole,único,sole,sogliola,linguado,seezunge,唯一,211
sprat,espadín,sprat,spratto,espadilha,sprotte,西鯡,211
sébaste,gallineta,red fish,scorfano,cantarilho,rotbarsch,皮脂,211
tarama,taramasalata,tarama,tarama,tarama,tarama,塔拉瑪,211
thon&albacore,atún&albacore,tuna&albacore,tonno&albacore,atum&albacore,thunfisch&albacore,金槍魚,211
tilapia,tilapia,tilapia,tilapia,tilapia,tilapia,羅非魚,211
truite,trucha,trout,trota,truta,forelle,鱒魚,211
truite fumée,trucha ahumada,smoked trout,trota affumicata,truta defumada,geraucherte forelle,煙熏鱒魚,211
vive,peces araña,weevers,vive,vida longa,es lebe,活潑,211
églefin&aiglefin&haddock,eglefino&abadejo,haddock,eglefino,arinca,schellfisch,黑線鱈,211
éperlan,fundir,smelt,odore,cheirava,roch,冶煉,211
œuf de lump,huevo a tanto alzado,lump egg,grumo uovo,ovo em pedaços,klumpenei,塊蛋,211
œuf de saumon,huevo de salmón,salmon eggs,uovo di salmone,ovo de salmão,lachsei,鮭魚蛋,211
bécasse,becadas,woodcock,beccaccia,becasse,becasse,貝卡斯,212
caille,codorniz,quail,quaglia,codorniz,wachtel,鵪鶉,212
canard&colvert,pato,duck,anatra,pato&pato-real,ente&stockente,鴨,212
chapon,capón,capon,cappone,capão,kapaun,卡彭,212
coq&coquelet,gallo&gallo joven,cock&cockerel,galletto,galo,hahn,公雞,212
dinde,pavo,turkey,tacchino,turquia,truthahn,火雞,212
faisan,faisán,pheasant,fagiano,faisão,fasan,野雞,212
grive,afta,thrush,tordo,tordo,soor,畫眉,212
oie,ganso,goose,oca,ganso,gans,鵝,212
perdrix,perdiz,partridge,pernice,perdiz,rebhuhn,鷓鴣,212
pigeon&pigeonneau&palombe,paloma&pichón,pigeon&squab,piccione,pigeon&pombo&pombo da madeira,tauben&taube&waldtaube,鴿子,212
pintade,gallina de guinea,guinea fowl,faraona,pintada,perlhuhn,珍珠雞,212
poulet&poule&poularde,pollo&gallina,chicken&hen,pollo,galinha,huhn&henne,雞,212
volailles,aves de corral,poultry,pollame,aves domesticas,geflügel,家禽,212
amandes de mer,almendras de mar,sea almonds,mandorla di mare,amêndoas do mar,seemandeln,海杏仁,213
bigorneau,vincapervinca,periwinckle,pervinca,pervinca,immergrün,長春,213
bulot&buccin,buccino,whelk,whelk,búzios,pustel,青春痘,213
calamar&encornet&supions,calamar&pota,squid,calamari,lula,tintenfisch,烏賊,213
coques,shells,conchas,vongole,ameijoas,venusmuscheln,案件,213
coquille saint jacques,vieira,scallop,pettine,concha de vieira,jakobsmuschel,扇貝殼,213
couteau,navajas,sea knife,coltello,faca do mar,seemesser,海刀,213
crabe&tourteau&étrille&araignée de mer,cangrejo,crab,granchio&ragno di mare,caranguejo,krabben&seespinnen,螃蟹,213
crevette&gamba&gamberoni,camarón&camarones&gamba,shrimp&prawn,gambero,camarão&gamba&gamberoni,garnelen&gamba&gamberoni,蝦,213
crépidules,crepidula,crepidula,crepidula,crepidios,crepidules,龜裂的,213
escargot,caracol,snail,lumaca,caracol,schnecke,蝸牛,213
homard&langouste,langosta,lobster,aragosta,lagosta,hummer,龍蝦,213
huitre,ostra,oyster,ostrica,ostra,auster,牡蠣,213
moule,mejillón,mussel,cozza,mexilhão,muschel,模具,213
ormeau,abulón,abalon,abalone,abalone,abalone,鮑魚,213
oursin,erizos de mar,sea urchin,riccio di mare,ouriço do mar,seeigel,海膽,213
palourde&praire,almeja,clam,vongola,molusco&pradaria,wiese,蛤,213
patelle&bernique,lapa,limpet,patella,manso&prado,limp,帽貝,213
poulpe&pieuvre,pulpo,octopus,polpo,polvo,oktopus&octopus,章魚,213
pétoncles blancs&vanneau,vieira blanca,white scallop,capesante,vieira branca,weiße jakobsmuscheln&kiebitz,白色扇貝,213
pétoncles noirs,vieira negra,black scallop,capesante nero,vieiras pretas,schwarze jakobsmuscheln,黑扇貝,213
seiche,jibia&sepia,cuttlefish,seppie,chocos,tintenfische,烏賊,213
surimi,surimi,surimi,surimi,surimi,surimi,魚糜,213
telline&donax,telline,telline,telline,telline&donax,telline&donax,泰林,213
écrevisse,cangrejo de río,crayfish,gamberi,lagostins,krebse,小龍蝦,213
agneau,cordero,lamb,agnello,cordeiro,lamm,羊肉,214
andouillette,menudos de cerdo,chitterlings,andouillette,andouillette,andouillette,andouillette,214
bacon&lard&lardon&pancetta,tocino&panceta,bacon&pancetta,pancetta,bacon&pancetta,speck&pancetta,培根,214
boudin,morcilla blanca&pudin negro,white sausage&black pudding,budino,pudim,weißer pudding&blutwurst,黑色布丁,214
bresaola,bresaola,bresaola,bresaola,bresaola,bresaola,布雷索拉,214
bœuf&tournedo&entrecôte&rosbeef&hampe&tende de tranche&onglet,carne de res,beef,manzo,carne&tournedo&entrecôte&rosbife&caule&lombo&aba,rindfleisch&tournedo&entrecôte&rosbeef&stiel&filet&tab,牛肉,214
cabri,cabra,goat,cabri,cabra,ziege,山羊,214
cerf,ciervo,deer,cervo,veado,hirsch,鹿,214
chipolata,chipolata,chipolata,chipolata,chipolata,chipolata,花栗,214
coppa,coppa,coppa,coppa,coppa,coppa,科帕,214
farce,relleno,filling,ripieno,recheio,füllung,惡作劇電話,214
foie&foie gras&gésier,hígado&foie gras&molleja,liver&foie gras&gizzard,fegato,fígado&foie gras&moela,leber&foie gras&muskelmagen,肝臟,214
grenouille,rana,frog,rana,sapo,frosch,青蛙,214
jambon&jambonneau&pata negra&speck,jamón,ham,prosciutto,presunto&pata negra,schinken&pata negra,火腿,214
lapin&lapereau,conejo,rabbit,coniglio,coelho,kaninchen,兔子,214
lièvre,liebre,hare,lepre,lebre,hase,野兔,214
lomo,lomo,lomo,lomo,lomo,lomo,洛莫,214
merguez,merguez,merguez,merguez,merguez,merguez,梅格茲,214
mortadelle,mortadela,mortad,mortadella,mortadela,mortadella,熟香腸,214
mouton,oveja,sheep,montone,carne de carneiro,hammel,羊,214
os a moelle,hueso con tuétano,bone marrow,midollo osseo,medula óssea,knochenmark,骨髓,214
porc&sanglier&cochon,cerdo&jabalí,pork&boar,maiale,porco&javali,schweinefleisch&wildschwein&schwein&spanferkel,豬肉,214
rosette,rosette,rosette,rosetta,roseta,rosette,玫瑰花結,214
saindoux,manteca de cerdo,lard,strutto,banha de porco,schmalz,豬油,214
saucisse&saucisson&chorizo&salami&cervela&diots,salchicha&chorizo,sausage&chorizo&wieners,salsiccia,linguiça&chouriço&salame&cervela&diots,wurst&chorizo&salami&cervela&diots,香腸,214
steak hache,carne picada,steak,carne macinata,bife picado,hacksteak,切碎的牛排,214
tripes,mondongo,tripe,trippa,tripa,kutteln,膽量,214
veau,ternera,veal,vitello,vitela,kalbfleisch,小牛肉,214
viande blanche,carne blanca,white meat,carne bianca,carne branca,weißes fleisch,白肉,214
viande rouge&viande des grisons,carne roja,red meat,carne rossa,carne vermelha&carne grisons,rotes fleisch&graubundenfleisch,紅肉,214